frame_nmr,car_id,car_bbox,license_plate_bbox,license_plate_bbox_score,license_number,license_number_score,license_plate_color
14,2,727.8928880277456 1405.9401035822123 1421.039307805124 2047.0862927132332,939.4872436523438 1807.262939453125 1184.99462890625 1910.752197265625,0.5745752453804016,NA13NRU,0.8604724366126005,Unknown
123,5,2246.778601509496 1475.5206049679498 2955.542065249204 2146.90576179011,2503.3251953125 1979.213623046875 2714.63623046875 2076.65087890625,0.7108621597290039,MU51VSU,0.608787287055843,Unknown
144,6,1054.8643689200985 1262.7269142623418 1682.8190847466449 1761.8403217432988,1283.607666015625 1576.059326171875 1467.8282470703125 1656.10009765625,0.4236671030521393,GX15OGJ,0.5793148359685525,Unknown
